Date,Move Minutes count,Calories (kcal),Distance (m),Heart Points,Heart Minutes,Low latitude (deg),Low longitude (deg),High latitude (deg),High longitude (deg),Average speed (m/s),Max speed (m/s),Min speed (m/s),Step count,Average weight (kg),Max weight (kg),Min weight (kg),Biking duration (ms),Walking duration (ms),Running duration (ms)
2022-07-23,,383.37946886007853,6.904106259346008,,,,,,,0.27651843428611755,0.27651843428611755,0.27651843428611755,73,63.50288009643555,63.50288009643555,63.50288009643555,,148350,
2022-07-24,42,1525.5147632919534,1580.4479048848152,1.0,1,,,,,0.5827109865483575,1.281821370124817,0.2719799280166626,2528,,,,,960187,69002
2022-07-25,9,1488.949331534782,317.2974688410759,,,,,,,0.48185518689405,1.108501672744751,0.282440721988678,500,,,,,33853,153763
2022-07-26,,1469.528660205633,58.99872660636902,,,,,,,0.33430764741078905,0.7510291337966919,0.2615191638469696,139,,,,,,
2022-07-27,6,1320.0449938092436,221.30731010437012,,,,,,,0.45620203347096816,0.7505382895469666,0.31382298469543457,391,,,,,70247,
2022-07-28,,1469.5286823652843,,,,,,,,,,,,,,,,,
2022-07-29,,1469.528720482193,16.318796157836914,,,,,,,0.8664037585258484,0.8664037585258484,0.8664037585258484,72,,,,,,
2022-07-30,11,1486.487531674971,401.54334461688995,,,,,,,0.33784372180594946,1.0679012537002563,0.2615191638469696,742,,,,,339024,
2022-07-31,,1469.5287433026551,,,,,,,,,,,50,,,,,,
2022-08-01,4,1474.208934250525,149.4741336107254,,,,,,,0.6382425432914076,1.1220715045928955,0.30978578329086304,287,,,,,93562,
2022-08-02,,1469.5287963045323,,,,,,,,,,,7,,,,,,
2022-08-03,7,1482.4478577686566,205.86357736587524,,,,,,,0.6651340226660493,0.9669055938720703,0.31382301449775696,334,,,,,258266,
2022-08-04,1,1469.5287464783487,33.89288520812988,,,,,,,0.5932778418064117,0.8727326989173889,0.31382298469543457,71,,,,,,
2022-08-05,,1469.5288225082786,,,,,,,,,,,23,,,,,,
2022-08-06,21,1519.5313608477888,909.0402266979218,,,,,,,0.48853902613820555,1.3185521364212036,0.2719799280166626,1600,,,,,999604,
2022-08-07,14,1501.848916039725,542.9936565160751,1.0,1,,,,,0.8361023833621942,1.496047019958496,0.31382298469543457,910,,,,,646114,
2022-08-08,20,1482.4646880068071,694.7903980016708,,,,,,,0.5916831109599044,1.1444209814071655,0.282440721988678,1155,,,,,258603,
2022-08-09,27,1558.3731132033959,1011.627415895462,1.0,1,,,,,0.5600453679266928,1.5344295501708984,0.2510583996772766,1721,,,,,1324077,196123
2022-08-10,41,1510.9784177478052,1174.1299347877502,,,,,,,0.43054281274875833,1.4213660955429077,0.2615191638469696,1987,,,,,828622,
2022-08-11,51,1556.982467749694,2113.1975014209747,,,,,,,0.684436334010402,1.4968163967132568,0.2510583996772766,3665,,,,,1748291,
2022-08-12,36,1530.1820372470083,1308.7578193545341,,,,,,,0.5454280538185655,1.5403388738632202,0.2719799280166626,2395,,,,,1212523,
2022-08-13,59,1603.6615045495128,2532.1749106049538,5.0,5,,,,,0.5293967919146105,1.3798072338104248,0.2719799280166626,4175,,,,,2681453,
2022-08-14,14,1536.4681307296405,615.2733948230743,,,,,,,0.7196853066456659,1.3307428359985352,0.282440721988678,1053,,,,,1338189,
2022-08-15,7,1472.1797136725925,211.93088912963867,,,,,,,0.42816432346635475,0.9450700283050537,0.31382298469543457,389,,,,,52996,
2022-08-16,32,1564.6313920390326,1301.6217235326767,,,,,,,0.6114292152347626,1.2835688591003418,0.2510583996772766,2365,,,,,1745372,67613
2022-08-17,,1469.528823661008,18.82938003540039,,,,,,,0.31382298469543457,0.31382298469543457,0.31382298469543457,114,,,,,,
2022-08-18,133,1778.672916802375,5366.926472008228,4.0,4,,,,,0.6715143531523176,1.4937248229980469,0.2658980190753937,8672,,,,,6180118,
2022-08-19,3,1486.8948690962477,138.2290621995926,,,,,,,0.40827867208804214,1.0632710456848145,0.31382301449775696,276,,,,,347167,
2022-08-20,43,1525.260569070663,1985.3425467014313,5.0,5,,,,,0.46714978483406333,1.4068795442581177,0.2510583996772766,3177,,,,,1114139,
2022-08-21,14,1523.5165629783337,606.1083061695099,,,,,,,0.358066902658702,1.0071831941604614,0.2825971841812134,1305,,,,,1079273,
2022-08-22,46,1542.5831234696934,1640.3729453086853,,,,,,,0.5395083422318264,1.5839614868164062,0.24906764924526215,2955,,,,,1460435,
2022-08-23,42,1579.6015386462045,1478.705267906189,,,,,,,0.650979923328187,1.5169165134429932,0.24432949721813202,2712,,,,,2200472,
2022-08-24,29,1540.6958536245552,862.3270237445831,11.0,11,,,,,0.6398905749715411,1.3711066246032715,0.2510583996772766,1465,,,,716568,655600,
2022-08-25,66,1557.034872670927,2512.212816476822,1.0,1,,,,,0.45424990660446163,1.4040330648422241,0.24827347695827484,4484,,,,,1749340,
2022-08-26,18,1496.6387913916992,726.1038694381714,,,,,,,0.46741857757107086,1.476495385169983,0.2929014563560486,1245,,,,,541958,
2022-08-27,36,1496.1250970768056,1369.2478830814362,,,,,,,0.5039970707273934,1.5214735269546509,0.2510583996772766,2510,,,,,531690,
2022-08-28,17,1491.5576310779215,823.612920999527,1.0,1,,,,,0.5630889958103619,1.497164249420166,0.2510583996772766,1482,,,,,440380,
2022-08-29,39,1527.6760376108532,1333.7642133235931,,,,,,,0.455193396346774,1.1570833921432495,0.25306811928749084,2389,,,,,1162426,
2022-08-30,22,1528.6390290521326,1034.0182610750198,,,,,,,0.5443812544039889,1.2488971948623657,0.2510583996772766,1919,,,,,1181677,
2022-08-31,34,1556.5024505485728,1232.273802280426,,,,,,,0.5756160463264107,1.1443239450454712,0.2719799280166626,2140,,,,,1738695,
2022-09-01,49,1547.7062954924265,1842.5286169052124,,,,,,,0.5294411510936216,1.6726728677749634,0.2510583996772766,3287,,,,,1366415,84675
2022-09-02,16,1494.0808461291276,648.353964805603,,,,,,,0.5041395360757872,1.2718724012374878,0.2719799280166626,1217,,,,,490822,
2022-09-03,28,1553.1888262096381,1260.4007260799408,2.0,2,,,,,0.7393324916379205,1.3605743646621704,0.2719799280166626,2200,,,,,1672452,
2022-09-04,94,1543.749690843738,4908.718349456787,7.0,7,,,,,0.6341309436978444,1.4341095685958862,0.26027244329452515,7393,,,,,718467,
2022-09-05,66,1574.7610827203762,2722.1172165870667,5.0,5,,,,,0.6041383764181797,1.3911603689193726,0.26027244329452515,4204,64.77293395996094,64.77293395996094,64.77293395996094,,778107,
2022-09-06,9,1546.8543774447683,406.8694429397583,,,,,,,0.5153481215651796,1.1762691736221313,0.28290483355522156,713,,,,,,
2022-09-07,22,1685.6085236896436,918.7689819335938,,,,,,,0.6042797625475157,1.1922742128372192,0.26027244329452515,1512,,,,,2749351,
2022-09-08,55,1602.897611216349,2183.6379866600037,,,,,,,0.5916328845866107,1.9907967584514417,0.2585395783767106,3427,,,,,1110471,
2022-09-09,26,1606.1900253201838,992.298065662384,,,38.86024856567383,-94.68873596191406,38.86028289794922,-94.68868255615234,0.4399687283718466,1.6324145446206733,0.26027247111002605,1659,,,,,1175708,
2022-09-10,53,1584.2456551684256,1984.437515616417,,,,,,,0.543616847227585,1.4335546891947004,0.2388845412467119,3357,,,,,740890,
2022-09-11,24,1609.3983537919612,1084.659022808075,,,,,,,0.7013596783481162,1.8041953311525467,0.24681910903840126,1892,,,,,1239280,
2022-09-12,26,1570.8209648691882,1222.6479134559631,,,,,,,0.5608178700371175,1.5022875651818761,0.26027247111002605,1999,,,,,474886,
2022-09-13,35,1605.466463078692,1548.3909044265747,,,,,,,0.7782956292185219,1.3100161247056847,0.27158864339192706,2580,,,,,1161371,
2022-09-14,55,1724.144823547394,2330.463909791907,15.0,15,38.853248596191406,-94.68870544433594,38.86029052734375,-94.6820068359375,0.5756663999404197,3.7149912444279507,0.005971033783240123,2871,,,,880958,2174437,170181
2022-09-15,61,1705.3527248876744,2417.917832970619,,,38.9146728515625,-94.76211547851562,38.9146728515625,-94.76211547851562,0.5908025418891311,1.9536006450653076,0.23787464771639757,4096,,,,,3140572,
2022-09-16,40,1614.5183592091503,1548.1323683261871,,,,,,,0.564481896161439,1.5695470676882506,0.26027247111002605,2399,,,,,1340730,
2022-09-17,51,1650.2089675068664,2213.077522754669,,,38.83584213256836,-94.66880798339844,38.835906982421875,-94.6687240600586,0.4218036692428873,5.284431457519531,0.3027424045775623,3359,,,,,2047924,
2022-09-18,57,1621.8554008152423,2848.026059627533,3.0,3,38.83586883544922,-94.66974639892578,38.83597946166992,-94.66946411132812,0.766935046095954,12.294659614562988,0.29422105153401695,4256,,,,,1486110,
2022-09-19,43,1618.4512013939593,1656.520802974701,,,38.86007308959961,-94.68887329101562,38.86028289794922,-94.68868255615234,0.5247994102550314,3.700000047683716,0.259735199792741,2702,,,,,1418659,
2022-09-20,32,1622.7869565991132,1340.2667217254639,,,,,,,2.192712376387499,16.795793533325195,0.27158864339192706,2242,,,,,1504568,
2022-09-21,52,1632.5429390767274,2108.102997621267,1.0,1,38.969635009765625,-94.78427124023438,38.96992492675781,-94.78380584716797,0.6119121152305371,5.682224750518799,0.24545267631219658,3221,,,,,1697877,
2022-09-22,45,1630.9928178001578,1949.187409877777,,,,,,,0.7339164113415658,8.957985877990723,0.26027247111002605,3252,,,,,1667164,
2022-09-23,41,1643.0811280720443,1593.197907924652,,,38.860233306884766,-94.688720703125,38.860260009765625,-94.68863677978516,0.49783757353468516,1.5585925577223876,0.26027247111002605,2637,,,,,1906688,
2022-09-24,26,1618.8718312230258,929.1224217414856,,,38.86021423339844,-94.68878173828125,38.860294342041016,-94.68865203857422,0.9403523202128592,1.6118757724761963,0.25416365953682657,1478,,,,,1426992,
2022-09-25,102,1780.109450690794,4288.997386097908,4.0,4,38.835853576660156,-94.68862915039062,38.860328674316406,-94.6696548461914,0.71203507745351,16.150428771972656,0.26027247111002605,6493,,,,,4621840,
2022-09-26,52,1638.5237405353969,1919.8535305261612,,,,,,,0.6671890885270957,1.4226288370066538,0.26027247111002605,3130,,,,,1816386,
2022-09-27,29,1576.6698515339326,1210.2461473941803,,,,,,,0.5755284969186559,1.3356885971940504,0.2575000864998114,1932,,,,,590779,
2022-09-28,21,1576.8060380171787,971.3825833797455,,,,,,,0.5225099214964091,1.1646341601970058,0.282904847462972,1621,,,,,593479,
2022-09-29,36,1639.5574245688013,1794.0240144729614,,,,,,,1.1333812150669973,17.824010848999023,0.25683528880542816,3163,,,,,1836868,
2022-09-30,41,1577.1894794156244,1685.9034006595612,,,,,,,0.44924055974630156,1.5514365716426854,0.27158864339192706,2732,,,,,366975,100945
2022-10-01,5,1554.0013984262469,382.173171043396,,,,,,,0.33482440183553563,0.7628601619025984,0.25127505045987664,646,,,,,141615,
2022-10-02,15,1569.9078167991377,721.4247405529022,,,,,,,0.5659491479257036,4.100553512573242,0.3281696319580078,1193,,,,,456793,
2022-10-03,44,1597.0783544075186,1734.7484714984894,2.0,2,,,,,0.7129075642301184,5.49914026260376,0.26027247111002605,2828,,,,,995019,
2022-10-04,27,1590.673550968859,1042.0157609581947,,,,,,,0.5195132487525197,2.493924358307705,0.24724886616623856,1750,,,,,666742,86894
2022-10-05,108,1691.7306300193563,4280.850922664889,1.0,1,38.86025619506836,-94.6887435913086,38.860294342041016,-94.68871307373047,0.6564199906538124,1.9313076678913417,0.2546730798689595,6747,,,,,2870654,
2022-10-06,42,1620.2182808883329,1811.5361268520355,,,,,,,0.9926426975195998,22.18000030517578,0.26027247111002605,2986,,,,,1453672,
2022-10-07,42,1595.04081913577,1622.7866082191467,,,,,,,0.5617700412461369,1.436417459625092,0.2690510547590196,2545,,,,,954791,
2022-10-08,127,1739.3247570129047,4717.7908408641815,,,38.8602409362793,-94.68883514404297,38.860321044921875,-94.68863677978516,0.6692433312338272,2.4734608917237493,0.2537457677696361,7809,,,,,3813709,
2022-10-09,53,1663.060157775053,1966.3063478469849,,,38.835914611816406,-94.68873596191406,38.86030578613281,-94.66942596435547,0.6002874535287027,1.7476481199264526,0.2547735998971343,3045,,,,,2302562,
2022-10-10,106,1838.2694650581736,5446.950743921775,13.0,13,38.95658874511719,-95.23628234863281,38.97159194946289,-95.172119140625,0.7837140404705685,10.59562873840332,0.01010911990120484,7404,,,,,5774253,
2022-10-11,17,1571.0095603031712,703.206738948822,,,,,,,0.6198988516860313,1.6880033860939374,0.2535866199095957,1251,,,,,478624,
2022-10-12,20,1569.9143189560655,914.2644622325897,,,,,,,0.3775073387862273,1.7753468595327413,0.2578055371102235,1566,,,,,456922,
2022-10-13,30,1590.917759897328,1298.260947585106,,,,,,,0.5462888337908266,1.508782391739215,0.26027247111002605,2407,,,,,873097,
2022-10-14,103,1737.8740055105209,4350.959610819817,1.0,1,38.8367805480957,-94.69082641601562,38.83689880371094,-94.69000244140625,0.5707495221269641,1.7723174738768734,0.2507033945552302,6937,,,,,3784964,
2022-10-15,32,1612.1928408213253,1474.0221276643842,1.0,1,38.8359489440918,-94.6688003540039,38.836063385009766,-94.66853332519531,1.2172334143353674,11.449999809265137,0.2602724888496337,2443,,,,,1294651,
2022-10-16,12,1574.9561766839465,630.6778101391477,,,,,,,0.7777695582862904,21.7904052734375,0.262509133506308,1144,,,,,556824,
2022-10-17,13,1582.4704396974328,606.7719387271126,1.0,1,,,,,0.5234376716633219,1.435815173444468,0.28290487918438445,1036,,,,,705715,
2022-10-18,41,1662.0794634223282,1543.2284620771527,1.0,1,,,,,0.6529412644609951,5.293462753295898,0.2503393074550382,2469,,,,,2283131,
2022-10-19,41,1658.9953081780977,1598.56647539022,2.0,2,38.85293197631836,-94.68313598632812,38.853416442871094,-94.68189239501953,0.4950686292876582,1.8553089076063791,0.09523845989755352,2705,,,,,2222018,
2022-10-20,52,1608.9104759769857,2342.7335630179396,,,38.946205139160156,-94.74065399169922,38.946285247802734,-94.74034881591797,0.5371256313174484,1.4732722458582794,0.028577753953922744,4261,,,,,1229615,
2022-10-21,15,1565.345212702392,737.3960007360056,,,,,,,0.4028537580799611,1.640845063039926,0.2602724888496337,1369,,,,,169756,84788
2022-10-22,11,1575.8864363044954,439.4750865492378,,,,,,,0.5084522256476203,1.1779833728331102,0.25188396822585135,791,,,,,575256,
2022-10-23,20,1561.5546419634777,982.3047600403531,,,38.835933685302734,-94.6697006225586,38.83598709106445,-94.66956329345703,0.44224718579398414,1.3257285547299986,0.30338018968956604,1572,,,,,291280,
2022-10-24,23,1587.462960328595,877.0820419585423,,,,,,,0.37117515840450416,1.1223123383870395,0.2602724888496337,1704,,,,,804640,
2022-10-25,18,1579.4829236339451,808.0350258377202,,,,,,,0.5490874804668494,1.2800388762957642,0.25545323082067156,1397,,,,,646519,
2022-10-26,25,1597.5762762040652,1138.5229066267768,,,,,,,0.49088234645826784,1.9587408238876796,0.2602724888496337,1909,,,,,1001626,
2022-10-27,39,1686.7192209092996,1810.298029317755,,,38.946022033691406,-94.74067687988281,38.946266174316406,-94.7403335571289,0.5521785104262606,1.5598541805473296,0.24679661907531888,3115,,,,,2771356,
2022-10-28,26,1620.6895488309806,1151.016717603785,,,,,,,0.5639064433954547,1.2487977916671642,0.2602724888496337,2095,,,,,1463010,
2022-10-29,6,1567.619690615093,403.4148861473775,2.0,2,,,,,0.33623719618330433,1.9493685823387903,0.25089566684896686,594,,,,,411455,
2022-10-30,86,1697.6807149230592,3917.567528388235,3.0,3,38.83588409423828,-94.6697998046875,38.8360595703125,-94.66964721679688,0.5218141359040888,1.5631087432477282,0.25335079078657996,6220,,,,,2988554,
2022-10-31,14,1580.0482992917591,604.9286106269946,,,,,,,0.5322618762461921,0.9110791751104899,0.2602724888496337,1051,,,,,657722,
2022-11-01,30,1605.974846271481,1180.0671658104172,,,,,,,0.6749593430962253,1.666887175154328,0.2602724888496337,2141,,,,,1082601,38310
2022-11-02,16,1608.550247668096,741.2694820679544,,,,,,,0.5488492733476542,1.0448408450190447,0.2602724888496337,1404,,,,,1222474,
2022-11-03,26,1610.4615618735147,1201.5258828440662,,,,,,,0.724463637218062,20.386585235595703,0.25327800441070447,2026,,,,,1260347,
2022-11-04,15,1606.611940612545,775.5157234966953,,,,,,,0.4127736791913326,1.2633047253949574,0.2490826575326613,1259,,,,,1184068,
2022-11-05,5,1562.6905292542883,179.3903771638256,,,,,,,0.30803328345037756,1.3749239344852986,0.2602724888496337,287,,,,,313786,
2022-11-06,,1611.306635538737,35.015797330764144,,,,,,,0.6762034469423965,1.046869624365658,0.30553726951913524,136,,,,,,
2022-11-07,25,1604.792124331259,950.3922431314691,,,,,,,0.4883983414254218,1.3404946981237527,0.2500686003085066,1537,,,,,1148009,
2022-11-08,6,1560.7728756714973,252.57747613581847,,,,,,,0.49675853978591755,0.8156425141340559,0.3394858202579134,522,,,,,275789,
2022-11-09,11,1574.901317942696,406.22241723132714,,,,,,,0.8748191581415999,1.519551690557772,0.33948583019029777,666,,,,,555737,
2022-11-10,23,1583.342863175933,1077.1318042144646,,,,,,,0.5095437995321406,1.423649497048511,0.2602724888496337,1853,,,,,723003,
2022-11-11,53,1667.8109275283744,2508.3436204504696,1.0,1,,,,,0.5304173637858732,3.2832517623901367,0.2527354769736872,4452,,,,,2396697,
2022-11-12,8,1556.8693647524738,281.46139295979566,,,,,,,0.5883765354931993,1.389038539336408,0.33948583329416804,464,,,,,198444,
2022-11-13,5,1567.7540364929303,248.59050119162117,,,,,,,0.684186365087976,1.176447752215989,0.33730804593687497,491,,,,,414117,
2022-11-14,25,1570.4241481979348,1263.8257630448952,,,,,,,0.4338095471572123,1.5465607639943755,0.2565160291010153,2042,,,,,467024,
2022-11-15,31,1637.9843806162735,1481.0226084498772,,,,,,,0.48011078004862223,1.315101283385099,0.2582891670539103,2518,,,,,1805699,
2022-11-16,7,1557.8550870126207,440.2673784823197,,,,,,,0.4402273912901797,1.2065314942307173,0.2602724888496337,818,,,,,217974,
2022-11-17,30,1613.6250955181008,1394.173504049941,,,,,,,0.948961128496432,17.73026466369629,0.2602724888496337,2339,,,,,987127,144842
2022-11-18,19,1556.8303842689684,579.6392169436193,,,,,,,0.6400737346609071,1.2611855844193407,0.26595505415018106,975,,,,,197670,
2022-11-19,37,1643.6350066292243,1430.6934321720314,,,38.83592224121094,-94.6688232421875,38.835975646972656,-94.66846466064453,0.682076402622589,1.6090710163116455,0.29422107435175987,2133,,,,,1917663,
2022-11-20,6,1571.1209097266415,309.456607570476,,,,,,,0.9419775428970512,1.402100855276547,0.33948585097901124,481,,,,,480830,
2022-11-21,14,1564.0692147128725,618.6924925967678,,,,,,,0.35363522534819014,1.5153441791221454,0.2715886840170091,1140,,,,,341104,
2022-11-22,20,1574.8008865764689,810.5241495943176,,,,,,,0.37975456776210786,1.2455652381098115,0.2602724888496337,1436,,,,,553747,
2022-11-23,18,1564.8020104101654,710.2168835845928,,,,,,,0.3740981934330552,1.3144011918213134,0.2715886840170091,1212,,,,,355624,
2022-11-24,73,1760.7782935600294,4803.988013708057,49.0,49,38.84064483642578,-94.75145721435547,38.84803771972656,-94.74478149414062,0.9183342945745705,2.4975054341708014,0.14329065369940425,7001,,,,,4238801,
2022-11-25,30,1591.806188943817,1308.2898707325278,11.0,11,38.86000061035156,-94.69142150878906,38.86054611206055,-94.68865203857422,0.43837823080605093,1.9718686470505724,0.2675709448228347,2422,,,,,890700,
2022-11-26,23,1582.5916857904347,932.5914840696026,,,,,,,0.4167104505725947,1.4431315692944355,0.2602724888496337,1602,,,,,708118,
2022-11-27,12,1580.6497963577904,457.58651334008033,,,,,,,0.6849858772216654,1.1798204347711312,0.30553726951913524,805,,,,,669641,
2022-11-28,23,1580.4742867778232,1000.2758219035215,,,,,,,0.6318685079736968,1.5414017960210842,0.2469240371058174,1744,,,,,666163,
2022-11-29,43,1583.336609328535,1616.8587739362933,,,,,,,0.566446243505603,1.309311269904832,0.24854977670945555,2611,,,,,722878,
2022-11-30,29,1612.3494996034242,1160.5478843240219,,,,,,,0.3859540004401825,1.1598973645958064,0.2715886840170091,2019,,,,,1297755,
2022-12-01,101,1766.2866212252507,4126.879108132545,1.0,1,38.86024475097656,-94.688720703125,38.86030960083008,-94.68853759765625,0.7257167594175536,18.600000381469727,0.247795496312487,6634,,,,,4347945,
2022-12-02,23,1564.5775224565205,976.3571061070633,,,,,,,0.6472620918806128,1.310036632339366,0.2715886840170091,1656,,,,,351176,
2022-12-03,1,1546.8543701171875,42.77521773267893,,,,,,,0.33948586329825003,0.33948586329825003,0.33948586329825003,81,,,,,,
2022-12-04,5,1549.857368903414,223.38169260399,,,,,,,0.3697029417911209,0.733724072892281,0.3005566105338137,421,,,,,59503,
2022-12-05,27,1620.9056189182047,1056.8670633650763,,,,,,,0.7569843524921104,1.470168652358341,0.288411504672066,1673,,,,,1467292,
2022-12-06,70,1690.6888157806004,2954.3675867121015,,,38.8602409362793,-94.68869018554688,38.86029815673828,-94.68863677978516,0.5932089799079997,1.4272861875793335,0.2602724888496337,4802,,,,,2850011,
2022-12-07,35,1585.0867759685602,1212.2424518737778,,,,,,,0.8601501618269701,1.5308340365163065,0.29422107435175987,1877,,,,,757558,
2022-12-08,32,1613.775964481797,1472.3591612042576,,,,,,,1.0324575391385202,13.107512474060059,0.2715886840170091,2420,,,,,1326020,
2022-12-09,39,1629.1606643217983,1712.7562066147525,,,,,,,0.6435914866900582,1.8300000429153442,0.2500758701477128,2635,,,,,1630861,
2022-12-10,46,1641.3206809459953,1917.7163163745015,,,38.8602294921875,-94.68878936767578,38.86035919189453,-94.6886215209961,0.6802902826023068,1.568089158356653,0.2502721921553227,2897,,,,,1355619,222581
2022-12-11,225,2149.788017055612,11321.010610801659,74.0,74,47.44150924682617,-122.33454895019531,47.66154861450195,-122.29778289794922,0.5856544481090162,2.060744893683207,0.24549380743715044,17841,,,,,11946775,
2022-12-12,177,2040.1428594682602,12337.551645760668,37.0,37,47.621341705322266,-122.35090637207031,47.621341705322266,-122.35090637207031,0.7693326258309454,1.7705327077532158,0.24898949228122919,17901,,,,,9774278,
2022-12-13,123,1871.8290128959277,5708.598919529345,20.0,20,49.283538818359375,-123.12142181396484,49.2899284362793,-123.10882568359375,3.6933593563070968,17.850000381469727,0.24753764365894207,9742,,,,,6439221,
2022-12-14,222,2137.0455264487846,10876.993171772798,39.0,39,49.278770446777344,-123.1252670288086,49.34408187866211,-123.10940551757812,0.8787857543083281,4.845010757446289,0.0886197709606511,17256,,,,,11694360,
2022-12-15,201,2034.164514088867,9313.950877159414,21.0,21,49.2701416015625,-123.13638305664062,49.2797737121582,-123.11517333984375,0.6317557604010295,2.0800530910491943,0.0253442060265946,15247,,,,,9655819,
2022-12-16,142,1938.3292626307389,7670.775775980607,46.0,46,49.28303909301758,-123.13674926757812,49.300838470458984,-123.116943359375,0.6715062281629116,5.190000057220459,0.24753423505072544,11698,,,,,7756892,
2022-12-17,187,2024.7153643932547,8924.207092808701,48.0,48,47.438987731933594,-122.52082824707031,47.625057220458984,-122.29776763916016,0.8206837132779629,3.1257363536937546,0.040304312494124264,14161,,,,,9468589,
2022-12-18,18,1596.113810482509,802.3047100642762,,,,,,,0.534132530086927,1.1136578576120924,0.29422107435175987,1306,,,,,976052,
2022-12-19,,1546.8543701171877,19.011207881190636,,,,,,,0.30553726951913524,0.30553726951913524,0.30553726951913524,166,,,,,,
2022-12-20,4,1557.9257927131653,195.51003996230241,,,,,,,0.5372514475871947,1.0177961571778176,0.2602724888496337,306,,,,,219375,
2022-12-21,2,1558.0342276958,106.59855847667608,,,,,,,0.529711831674327,0.724666023464812,0.339485836530118,180,,,,,221523,
2022-12-22,,1546.8543701171875,25.121953271573343,,,,,,,1.3947614709521337,2.3735995292663574,0.3394858221370131,53,,,,,,
2022-12-23,3,1546.8543701171875,160.91629528007786,,,,,,,0.9911779102572412,1.6833056211471558,0.24367538444963746,276,,,,,,
2022-12-24,20,1567.2442085222656,734.3119836193348,,,,,,,0.37987715555235396,0.9756886688035243,0.28290487918438445,1239,,,,,404015,
2022-12-25,60,1610.2645646277656,2408.7356748352677,,,38.86021423339844,-94.68878936767578,38.86030960083008,-94.68866729736328,0.5232376441380374,1.6853121519088745,0.24465249820733534,3785,,,,,1256443,
2022-12-26,29,1588.369265089751,1159.0368644297323,,,,,,,0.506320863207866,2.788034200668335,0.2602724888496337,2105,,,,,822598,
2022-12-27,20,1553.3944203114556,947.0399787613728,,,,,,,0.644430247060141,1.4384947793548695,0.2602724888496337,1487,,,,,129588,
2022-12-28,8,1586.0064027101675,381.21816289300693,,,,,,,0.9171941922665356,1.6150281429290771,0.28290487918438445,622,,,,,775779,
2022-12-29,2,1546.854370117187,152.0896630495251,,,,,,,0.47475806775871393,1.2035330533981323,0.30553726951913524,270,,,,,,
2022-12-30,10,1561.8986560182566,382.02264179613536,,,,,,,0.38558896091460504,1.1327138307972675,0.2777065348309404,586,,,,,298096,
2022-12-31,30,1600.8027139783917,1209.759925726859,1.0,1,38.835941314697266,-94.6688232421875,38.8359489440918,-94.66881561279297,0.7096692370813026,2.513127088546753,0.2628762161697175,1793,,,,,1068962,
2023-01-01,17,1565.3282739605897,735.8326013714146,,,,,,,0.5573379069493178,2.8956732749938965,0.2715886840170091,1205,,,,,366051,
2023-01-02,,1546.8543701171875,,,,,,,,,,,23,,,,,,
2023-01-03,25,1575.0499495239462,941.6151286719927,,,,,,,0.9490640489305339,3.5312087535858154,0.31786800517385266,1518,,,,,558481,
2023-01-04,11,1567.9795117473657,499.17475109332054,,,,,,,0.5675934906658142,1.1734611018481385,0.2715886840170091,789,,,,,418584,
2023-01-05,20,1587.784665098073,863.0903094771572,,,,,,,0.8296808473111879,1.6340756540484958,0.29422107435175987,1402,,,,,811015,
2023-01-06,3,1552.7626615966685,213.56374837331916,,,,,,,0.42256265899588363,0.9503834539317194,0.3168534646865106,424,,,,,117070,
2023-01-07,,1546.8543701171875,,,,,,,,,,,16,,,,,,
2023-01-08,39,1641.2343058833414,1372.2404659107551,,,,,,,0.5123463628097044,3.315091848373413,0.2602724888496337,2243,,,,,1870094,
2023-01-09,4,1549.41536995597,287.5432566227158,,,,,,,0.3689239912795633,0.5031434927074743,0.25142991012499555,644,,,,,50745,
2023-01-10,30,1589.9719155096275,1133.393573448528,,,,,,,0.6595849900059577,11.608890533447266,0.24445619293372414,1996,,,,,854355,
2023-01-11,33,1667.5189220049226,1185.6907522934207,,,38.85572052001953,-94.68104553222656,38.85586929321289,-94.68092346191406,0.44395730911266224,1.1549042930238158,0.2715886840170091,1908,,,,,2390911,
2023-01-12,29,1627.7289217508553,1332.1881052124586,,,,,,,0.6590338525619052,1.4362852276948266,0.2602724888496337,2119,,,,,1602491,
2023-01-13,14,1559.5090755379224,722.1790879797285,,,,,,,0.5809775227209922,1.1246859604981743,0.2623523572607784,1215,,,,,250747,
2023-01-14,13,1550.2689861008741,464.90178461745035,,,,,,,1.1699721303848547,14.026875495910645,0.28290487918438445,837,,,,,67659,
2023-01-15,33,1599.3307911335971,1283.187494574489,,,38.83603286743164,-94.66958618164062,38.83604431152344,-94.66957092285156,0.7362360700357056,13.894451141357422,0.282904855750878,2104,,,,,1039796,
2023-01-16,26,1590.968354115509,889.8085749353345,,,,,,,0.669736813346387,12.848130226135254,0.28290487918438445,1531,,,,,874097,
2023-01-17,36,1606.2197479208744,1320.0704759445787,,,,,,,1.1653275626527873,13.029999732971191,0.25057019279211434,2218,,,,,1176298,
2023-01-18,15,1569.6293273000929,722.9801519871064,,,,,,,0.5732438637451815,1.3873116970062256,0.2602724888496337,1319,,,,,451275,
2023-01-19,7,1555.5022374221276,276.85709898869135,,,,,,,0.46479271295947966,1.4128120092538652,0.33948585097901124,487,,,,,171353,
2023-01-20,12,1553.732909343256,529.3537241342318,,,,,,,0.36881219210440735,1.3675889375097732,0.29422107435175987,891,,,,,136295,
2023-01-21,,1546.8543701171875,,,,,,,,,,,38,,,,,,
2023-01-22,7,1559.7340619854792,362.88415812832113,,,,,,,0.4269208087712878,1.6193663415758757,0.25685557091914285,621,,,,,255205,
2023-01-23,9,1556.3100589494718,461.47957438839893,,,,,,,0.567085416168025,1.2594047115221743,0.2602724888496337,795,,,,,187360,
2023-01-24,32,1587.3442506785505,1404.5482594335147,,,,,,,0.7012779322115474,2.5960177865363527,0.2602724888496337,2302,,,,,802290,
2023-01-25,17,1566.5089903598578,641.6282659901839,,,,,,,0.3922916021000745,0.9101595057889665,0.2715886840170091,1031,,,,,389447,
2023-01-26,29,1625.0119680607422,1399.1438156832035,2.0,1,,,,,0.7808436678897693,2.584798200916015,0.28290487918438445,2163,,,,,853785,299630
2023-01-27,13,1559.4151545466918,562.3181226822383,,,,,,,0.6971934488280717,1.1882902240184547,0.2602724888496337,917,,,,,248886,
2023-01-28,1,1546.8543701171875,71.29202955446489,,,,,,,0.3394597931213234,0.3394858588838561,0.3168534646865106,137,,,,,,
2023-01-29,5,1546.8543701171877,267.1432257643899,,,,,,,0.36521523405237855,1.4256805034160107,0.27701343088981606,458,,,,,,
2023-01-30,27,1593.3286567964699,1092.0991086696026,,,,,,,0.4241427528255045,1.1397708048422337,0.2715886840170091,1883,,,,,920866,
2023-01-31,37,1628.1217907582434,1616.9885504040026,1.0,1,,,,,0.7222387935606271,1.6212308406829834,0.2602724888496337,2638,,,,,1372489,102534
2023-02-01,26,1577.4338290087194,1242.928395259557,,,,,,,0.7129729042693373,1.8259292513866554,0.328169659853886,2087,,,,,605917,
2023-02-02,31,1601.409668836777,1360.2859917160613,,,,,,,0.6979183640066761,8.679868698120117,0.2602724888496337,2219,,,,,1080986,
2023-02-03,4,1546.8543701171875,242.58848126658611,,,,,,,0.4943057422877125,1.0406885975409235,0.30553726951913524,449,,,,,,
2023-02-04,13,1591.8762345628406,547.7129343190306,,,,,,,5.353493461235568,34.07416915893555,0.2602724888496337,857,,,,,892087,
2023-02-05,12,1585.4913736917608,519.2646379420429,,,,,,,0.38014938031861517,1.3346302456055756,0.2426549278553438,832,,,,,765574,
2023-02-06,8,1550.9493455220313,359.18476485263994,,,,,,,0.6663854810619472,1.5043079303613682,0.2715886840170091,581,,,,,81140,
2023-02-07,19,1594.650494925313,878.3368308151875,,,,,,,0.4174467001541452,1.3767549543614492,0.28290487918438445,1600,,,,,947059,
2023-02-08,19,1561.4561397293642,699.1414374858174,,,,,,,0.34332959379741,1.1089741175306136,0.24891297543574734,1226,,,,,289328,
2023-02-09,5,1550.0335023044854,255.15341160719697,,,,,,,0.519983835773782,1.8288020533464353,0.2715886840170091,398,,,,,62993,
2023-02-10,7,1558.806156910381,295.1643263532106,,,,,,,0.37918130253637516,0.700683560555171,0.2715886840170091,518,,,,,236819,
2023-02-11,1,1546.8543701171875,59.070538773699475,,,,,,,0.5304463059787324,0.7214067786632968,0.33948583329416804,118,,,,,,
2023-02-12,95,1684.6402417038382,4075.6960859947817,4.0,4,38.86058807373047,-94.68971252441406,38.860748291015625,-94.68941497802734,0.6506463785881024,1.7267359355035377,0.25639892556702537,6312,,,,,2160362,245699
2023-02-13,17,1560.7165734617117,740.1794016820724,,,,,,,0.3901628329746528,2.015954559986758,0.27039259442285624,1148,,,,,274673,
2023-02-14,30,1606.8454065219885,1400.3853980223164,,,,,,,0.6108285823381885,10.979999542236328,0.2715886840170091,2228,,,,,1188694,
2023-02-15,26,1563.6735142602743,999.8052145012587,,,,,,,0.5084375386271763,1.2991262281298417,0.25692152481534397,1548,,,,,333264,
2023-02-16,35,1591.8360145414342,1316.9328640079486,1.0,1,,,,,0.8018139048756119,15.09000015258789,0.25105815253528374,2193,,,,,891290,
2023-02-17,,1552.4775102687872,126.43915065429726,,,,,,,0.38023950427400205,0.7169032692909241,0.29996666481770906,248,,,,,111420,
2023-02-18,51,1649.014155152807,2289.192851519217,,,38.835723876953125,-94.66878509521484,38.83592224121094,-94.66854858398438,0.5368418809557315,1.45227159154483,0.2715886840170091,3418,,,,,2024248,
2023-02-19,33,1629.0076279951659,1480.5069317993211,,,38.8359489440918,-94.66972351074219,38.835994720458984,-94.66967010498047,0.42991425349578355,3.6904492378234863,0.31683299339569326,2178,,,,,1627828,
2023-02-20,16,1592.9779654751499,624.1497681333458,,,,,,,0.33847769652717585,1.3280419561895505,0.2715886840170091,1139,,,,,913917,
2023-02-21,29,1554.2858874737822,1151.534844962091,,,,,,,0.6694371671594992,1.4940572965124863,0.2602724888496337,1899,,,,,147252,
2023-02-22,10,1550.8060838818058,374.00136605456174,,,,,,,0.39061971815946334,1.1404508621093636,0.3030799092926383,739,,,,,78302,
2023-02-23,31,1620.9766844276442,1154.4047176114832,,,,,,,0.5538520343184571,1.2033989531715532,0.2602724888496337,1970,,,,,1468700,
2023-02-24,30,1610.7117815892923,1126.7714943962224,,,38.8602294921875,-94.68871307373047,38.86029052734375,-94.68862915039062,0.40862198318910004,1.5416238023360638,0.2700021223259919,1786,,,,,1265304,
2023-02-25,49,1662.9784950827795,1962.175455501106,,,38.859474182128906,-94.68903350830078,38.860355377197266,-94.68861389160156,0.5387886501729855,1.3146419263768885,0.26245658856828674,2988,,,,,2300946,
2023-02-26,32,1592.1415966685263,1426.783123594898,,,,,,,0.5914530585724787,1.8994941892534394,0.2602724888496337,2223,,,,,897344,
2023-02-27,41,1572.082057805465,1656.575525573132,1.0,1,,,,,0.663887062666824,3.464813709259033,0.2602724888496337,2689,,,,,499875,
2023-02-28,27,1587.1177224350533,1050.9262387801582,,,,,,,0.5122889750537079,1.689287377534579,0.2602724888496337,1735,,,,,797799,
2023-03-01,22,1578.8331302502916,865.233877273639,,,,,,,0.4344306813142898,1.3048475392061856,0.28290487918438445,1525,,,,,633645,
2023-03-02,39,1633.2648780398065,1528.0499650451657,,,,,,,0.5798380207210887,1.3435407623090914,0.2584321380864253,2452,,,,,1712185,
2023-03-03,34,1620.3009930070314,1338.658154575588,,,,,,,0.6037117293561897,2.4091222286224365,0.2736506886029932,2219,,,,,1455309,
2023-03-04,,1548.3725996600012,61.85162638998209,,,,,,,0.554584250421247,0.769682667548326,0.33948583329416804,211,,,,,30083,
2023-03-05,63,1745.8005167090894,3721.183854116182,11.0,11,38.85968780517578,-94.68775177001953,38.860557556152344,-94.68751525878906,0.557816609756593,2.320319752187139,0.2715886840170091,5509,,,,,3652915,124665
2023-03-06,19,1552.7907962316747,946.7425363026426,,,,,,,0.4558782504167848,0.9528110969095561,0.2715886840170091,1670,,,,,117628,
2023-03-07,17,1596.7535362761173,946.7298318427913,,,,,,,0.5810451872578664,1.2726704735169387,0.24918709595777916,1618,,,,,988729,
2023-03-08,19,1570.4140258890452,941.0303474147272,,,,,,,0.512319577985977,1.1461866877402538,0.2602724888496337,1662,,,,,466824,
2023-03-09,1,1546.8543701171875,70.42263898617985,,,,,,,0.6992374821222893,1.041378476121571,0.3570964881230078,138,,,,,,
2023-03-10,27,1581.7513853718622,1160.3330600639308,,,,,,,0.5567541040455131,1.2020339284956876,0.2602724888496337,1982,,,,,411985,120514
2023-03-11,9,1561.4074302317008,493.13109660657886,,,,,,,0.44922432976483617,1.1670828083069607,0.3168534646865106,904,,,,,288362,
2023-03-12,15,1512.7090805445441,613.4136016115698,,,,,,,0.5988988384594387,1.1815222239282483,0.2715886840170091,968,,,,,600519,
2023-03-13,1,1546.8543701171875,54.99670851344435,,,,,,,0.5319191367357718,0.7243524290921242,0.3394858443794194,124,,,,,,
2023-03-14,26,1635.663326966083,1358.980733713679,2.0,2,,,,,0.5521851626574446,1.6495837231409618,0.2602724888496337,2296,,,,,1759709,
2023-03-15,25,1613.9883333680443,1101.4363675160587,,,,,,,0.47960924191386295,7.4416656494140625,0.2511329727123195,1695,,,,,1330227,
2023-03-16,9,1563.4393233149449,377.1868038465768,,,,,,,0.4227166400888774,1.1329615207477177,0.2581650219843297,634,,,,,328623,
2023-03-17,6,1546.8543701171875,292.27962005059055,,,,,,,0.42510538150002664,1.115644097660257,0.2440217569171053,556,,,,,,
2023-03-18,34,1609.7917796687027,1570.104071133553,,,,,,,1.010623026977625,18.09015655517578,0.2602724888496337,2626,,,,,1247075,
2023-03-19,10,1569.293085076475,464.0989653780124,,,,,,,0.9978517243223181,1.344819691121331,0.248497061635152,809,,,,,444613,
2023-03-20,12,1576.7471607644889,615.6327472335404,,,,,,,0.48142783924525545,1.1034154062215027,0.2556095678888428,1106,,,,,592312,
2023-03-21,36,1640.3780766801767,1676.740035877054,,,,,,,0.6056626398055254,3.8407068252563477,0.28290487918438445,2714,,,,,1853128,
2023-03-22,15,1556.8388064406147,563.9160365237785,,,,,,,0.45623254853663703,1.134872030533949,0.2602724888496337,977,,,,,197836,
2023-03-23,24,1593.5124257181044,955.2863345715348,,,,,,,0.8367580945109236,1.492618360622646,0.2602724888496337,1498,,,,,924508,
2023-03-24,23,1620.7684469045478,1118.6943278439194,,,,,,,0.49650953281711907,2.716216802597046,0.2602724888496337,1924,,,,,1464574,
2023-03-25,3,1556.908256428812,121.53593609761157,,,,,,,0.31140517974466375,0.33948584343347793,0.283353092257592,262,,,,,199213,
2023-03-26,12,1572.496835776965,544.6717600673902,,,,,,,0.8094541173022846,1.4965590663235722,0.2530407753402203,944,,,,,508094,
2023-03-27,12,1573.127568798271,739.08573061494,,,,,,,0.38844800634076365,0.7527928560195797,0.2715886840170091,1323,,,,,520591,
2023-03-28,52,1689.2898724562303,2097.1630643792705,,,,,,,0.9131992393231442,19.92491912841797,0.28290487918438445,3463,,,,,2822294,
2023-03-29,13,1561.5059957366163,600.8920917550716,,,,,,,0.3775182204346923,1.1877329342782843,0.2602724888496337,1066,,,,,290316,
2023-03-30,45,1640.3524232186764,1905.0226202677375,,,,,,,0.7106874749937778,13.548646926879883,0.2602724888496337,2983,,,,,1852619,
2023-03-31,8,1554.3944711344054,374.26363854664334,,,,,,,0.4960405299938406,0.9798457850420518,0.28290487918438445,622,,,,,149405,
2023-04-01,22,1419.4423720751772,964.7968704459132,,,,,,,0.7504461303149484,6.009984970092773,0.2715886840170091,1552,,,,,718948,
2023-04-02,,1546.8543701171875,,,,,,,,,,,,,,,,,
2023-04-03,10,1549.891182478978,414.82551838598596,,,,,,,0.4977524582230183,1.2529326239198901,0.2715886840170091,704,,,,,60173,
2023-04-04,65,1757.5382017072411,3376.34535156251,21.0,21,38.85287094116211,-94.69155883789062,38.86005783081055,-94.68304443359375,0.9699567771358067,16.209936141967773,0.27020463610163103,5439,,,,,4174605,
2023-04-05,36,1654.957507493352,1634.958275709325,2.0,2,38.80146408081055,-94.68946075439453,38.803157806396484,-94.68746185302734,0.7629456979575863,2.393698111742282,0.17348961106351937,2597,,,,,2142015,
2023-04-06,42,1626.6326899657752,1816.2404966859217,1.0,1,38.9266242980957,-94.74156188964844,38.946067810058594,-94.72142791748047,0.5918570813112163,2.4993978640446595,0.25474732162731895,2992,,,,,1580771,
2023-04-07,60,1719.262517870598,2858.798068614329,7.0,7,38.80398941040039,-94.69337463378906,38.85380554199219,-94.68196868896484,0.8188229579011894,1.5133899221451712,0.2715886840170091,4242,,,,,3416186,
2023-04-08,60,1676.1734868387555,2993.7389295045195,11.0,11,38.80179977416992,-94.69344329833984,38.803001403808594,-94.68924713134766,0.5953245116303196,1.619521019317253,0.28290487918438445,4488,,,,,2561874,
2023-04-09,46,1633.3338379224817,2340.491646084249,13.0,13,38.86011505126953,-94.69123077392578,38.86227035522461,-94.68867492675781,0.6031236816750958,1.798292284524777,0.2602724888496337,3902,,,,,1713552,
2023-04-10,58,1684.3763126608922,2505.3861752817097,3.0,3,38.80179977416992,-94.68927001953125,38.80179977416992,-94.68925476074219,0.6818117600064082,2.089782734151253,0.2600719390563638,3862,,,,,2546075,77124
2023-04-11,16,1603.1040060431817,646.78100007368,,,,,,,0.7350833658028922,1.2421611225515254,0.3394858316727433,1107,,,,,1114559,
2023-04-12,50,1640.423685826034,2262.0371343233405,2.0,2,38.86013412475586,-94.68929290771484,38.86037063598633,-94.68859100341797,2.608067609393669,28.325607299804688,0.2602724888496337,3551,,,,,1854031,
2023-04-13,39,1637.5827056003127,1446.0985028356354,,,,,,,0.8500210834465608,5.532061576843262,0.2560165771644433,2329,,,,,1797738,
2023-04-14,59,1697.1935603645697,2761.354358721292,4.0,4,,,,,0.6734668735849321,19.851802825927734,0.25853807671286966,4270,,,,,2837382,61023
2023-04-15,29,1650.4760219643804,1299.3012419578108,,,38.83576202392578,-94.66883850097656,38.835880279541016,-94.6685562133789,0.3873034838393141,1.5465571398082063,0.25829397396503595,2012,,,,,2053214,
2023-04-16,9,1561.4734928741082,315.99300832388536,,,,,,,4.446515518318381,20.239999771118164,0.29422107435175987,493,,,,,289671,
2023-04-17,32,1591.1642346842252,1301.0627235488053,1.0,1,,,,,0.5870524663871814,1.3972448721767345,0.2715886840170091,2077,,,,,877979,
2023-04-18,32,1637.3233261228806,1308.9875428719597,,,,,,,1.0886862683403298,13.077507972717285,0.2602724888496337,2181,,,,,1792601,
2023-04-19,24,1597.499910379112,1176.4389728201174,1.0,1,,,,,0.6670837240141894,1.4981472868614656,0.27119389679851913,1884,,,,,1003518,
2023-04-20,35,1638.3509897412243,1425.069316544236,1.0,1,,,,,0.6205974686192323,5.37014627456665,0.2715886840170091,2409,,,,,1812962,
2023-04-21,56,1696.6512474036526,2314.828152604951,2.0,2,38.80179977416992,-94.68926239013672,38.8615837097168,-94.68869018554688,0.7313139689085262,1.6318080715337435,0.2619439317322059,3648,,,,,2968155,
2023-04-22,17,1575.4462458397024,641.903998943661,,,,,,,0.4842635623435851,1.1807650089975645,0.3394858260518042,1037,,,,,566534,
2023-04-23,44,1699.7892857135503,2394.043310903018,9.0,9,38.943397521972656,-95.23470306396484,38.968994140625,-95.18437957763672,0.45812870511028264,2.4055831894844215,0.2602724888496337,3505,,,,,3030333,
2023-04-24,60,1723.0745035307457,3122.7299283657408,12.0,12,38.80054473876953,-94.68962097167969,38.853694915771484,-94.68201446533203,0.5436784339087947,1.472686889706624,0.2715886840170091,4737,,,,,3491720,
2023-04-25,45,1659.2359792740328,1709.1470844292874,1.0,1,38.946205139160156,-94.74061584472656,38.94621658325195,-94.74040985107422,0.6259483305855332,1.50296677346834,0.2606268149534541,2932,,,,,2226788,
2023-04-26,11,1549.892242307466,464.9587244110587,,,,,,,0.8348121670625069,1.3042478785307015,0.29422107435175987,865,,,,,60194,
2023-04-27,58,1695.4687433047325,2692.084996637653,13.0,13,38.94294738769531,-94.74030303955078,38.94624328613281,-94.73741912841797,0.4787854053323421,3.5163268469720514,0.2715886840170091,4627,,,,,2708565,90382
2023-04-28,61,1688.7648301624238,2775.8149735524817,10.0,10,38.80173873901367,-94.68962097167969,38.802669525146484,-94.68751525878906,0.7662432249891916,2.4847846393584603,0.2602724888496337,4048,,,,,2811888,
2023-04-29,57,1677.239116759339,2828.760720590231,9.0,9,38.801082611083984,-94.69115447998047,38.8019905090332,-94.68923950195312,0.7049638861771994,1.9699157436618189,0.03621364327557691,4562,,,,,2583513,
2023-04-30,86,1776.352633381622,4001.240236666359,13.0,13,38.83561706542969,-94.69113159179688,38.8618278503418,-94.669677734375,0.7234554518356618,10.69441032409668,0.2602724888496337,6412,,,,,4547400,
2023-05-01,52,1684.6248697902397,2413.7172207287117,3.0,3,38.80179214477539,-94.68927001953125,38.802669525146484,-94.68751525878906,0.808276382356114,5.6291937828063965,0.25696444795031353,3933,,,,,2729858,
2023-05-02,20,1579.4201165814172,724.717975314629,,,,,,,0.7676584029215172,1.3812792205496631,0.2715886840170091,1089,,,,,645276,
2023-05-03,16,1585.2096625667473,759.7573647530049,,,,,,,0.4982816485745211,0.9252217465948305,0.2602724888496337,1378,,,,,759992,
2023-05-04,10,1581.9744618663376,579.9505930542266,,,,,,,0.6980199838945375,1.3845609349225763,0.2602724888496337,939,,,,,695888,
2023-05-05,19,1610.6434913734608,1123.1896889018226,5.0,4,,,,,0.7107004798017253,8.777164459228516,0.2715886840170091,1647,,,,,1124219,60253
2023-05-06,121,1871.0336531230182,5534.35743567044,16.0,16,38.80067443847656,-94.69944763183594,38.83867263793945,-94.68749237060547,0.9346091526438026,20.23293685913086,0.07654354756774621,8897,,,,,4092031,1004500
2023-05-07,12,1596.9330956106262,672.987989233949,,,,,,,0.5288219939242947,1.3409322159744346,0.24917326179646843,1131,,,,,992286,
2023-05-08,6,1548.3715398315135,233.95023274507884,,,,,,,0.9803603547587998,1.3676258026481494,0.29422107435175987,513,,,,,30062,
2023-05-09,1,1546.8543701171875,45.254811224247106,,,,,,,0.529525741790474,0.529525741790474,0.529525741790474,94,,,,,,
2023-05-10,44,1694.8741070145309,2123.036155053397,4.0,3,38.80111312866211,-94.6933822631836,38.80278778076172,-94.68923950195312,0.5798118263370557,2.0426885291964183,0.2715886840170091,3411,,,,,2932941,
2023-05-11,13,1559.525376709425,533.3893222142112,,,,,,,0.8202532791857027,1.5898783402921706,0.28290487918438445,968,,,,,251070,
2023-05-12,75,1780.9951750574019,3676.7859602240396,2.0,2,,,,,0.7677070896370403,12.7792387008667,0.2602724888496337,5577,,,,,4639392,
2023-05-13,77,1759.179242203741,3472.5762816990764,13.0,13,,,,,0.551585100374581,1.5914856461244402,0.24957092200680908,5076,,,,,4207117,
2023-05-14,15,1597.6379194279466,689.3771745804936,,,,,,,0.6622253767146613,1.920861005783081,0.2573680535146195,1108,,,,,1006252,
2023-05-15,42,1607.2954285617031,1846.9248985648137,5.0,5,,,,,0.42293002843184896,1.573504815273806,0.2559018599666304,2887,,,,,1197611,
2023-05-16,8,1565.9010898741471,364.1000148516547,,,,,,,0.39757616719773015,1.096343543190003,0.2602724888496337,608,,,,,377402,
2023-05-17,33,1617.8642630223794,1707.4467263118606,2.0,2,38.80178451538086,-94.68926239013672,38.802738189697266,-94.68708801269531,0.5988678045834018,2.416244090528527,0.2602724888496337,2629,,,,,1407028,
2023-05-18,9,1563.77069635547,390.9324813106555,,,,,,,0.6335417395468459,1.454887866973877,0.29422107435175987,698,,,,,335189,
2023-05-19,2,1546.8543701171875,177.14869433449834,,,,,,,0.49770222392317853,1.121585720390556,0.28290487918438445,258,,,,,,
2023-05-20,49,1688.780334759366,2411.170029971929,5.0,5,,,,,0.5286610309413581,1.5934700088062264,0.2513575160270554,3823,,,,,2812197,
2023-05-21,20,1580.8793120559335,768.9009713840286,,,,,,,0.5530166416812239,20.16314697265625,0.2524298625866916,1195,,,,,464293,90507
2023-05-22,15,1618.6246004415045,939.6895925195448,3.0,3,,,,,0.7350454860177333,1.50447186933451,0.2602724888496337,1382,,,,,1422094,
2023-05-23,5,1555.6960195963497,279.05737282747685,,,,,,,0.5949130202663437,0.9407599516864326,0.29422107435175987,472,,,,,175194,
2023-05-24,39,1648.2375748011232,1780.118747758398,3.0,3,,,,,0.47698226045015135,2.6600000858306885,0.2395747739890692,2831,,,,,2008795,
2023-05-25,60,1716.045404297032,2326.4594720592345,19.0,19,38.85592269897461,-94.69135284423828,38.860286712646484,-94.688720703125,0.601129064296621,1.980530957663034,0.17025957394218136,4676,,,,,3352440,
2023-05-26,50,1685.017837551743,2104.8218082595467,1.0,1,38.85327911376953,-94.68304443359375,38.853328704833984,-94.68273162841797,0.7500459054788137,9.07301139831543,0.2715886840170091,3293,,,,,2737644,
2023-05-27,3,1552.2641889312304,118.49616629450702,,,,,,,0.5562463008233585,1.0565546751022339,0.328169659853886,239,,,,,107193,
2023-05-28,19,1581.6521238722505,917.4316431686536,,,,,,,0.6736077434578155,2.9802184104919434,0.2602724888496337,1534,,,,,689502,
2023-05-29,71,1652.3705071168536,3173.5469151254583,11.0,11,38.80167770385742,-94.68955993652344,38.80264663696289,-94.6875,0.5873436526505211,2.130049025346071,0.24538804708064962,4530,,,,,2090754,
2023-05-30,9,1549.9423024402079,291.57939012472235,,,,,,,0.5255286149112747,1.0557198524475098,0.2602724888496337,643,,,,,61185,
2023-05-31,17,1576.3775829902477,752.863977369826,,,38.86021423339844,-94.68873596191406,38.86024856567383,-94.68868255615234,0.4533688629769113,1.28136714964996,0.2602724888496337,1148,,,,,584989,
2023-06-01,44,1661.9128532685033,1548.3655353099282,1.0,1,38.842079162597656,-94.6701431274414,38.84306716918945,-94.6686782836914,0.45868188347878386,1.3101520412529337,0.2617069249431807,2825,,,,,2279831,
2023-06-02,31,1637.1800193724687,1514.51619313526,4.0,4,,,,,0.5225243309469544,1.487228707016823,0.2715886840170091,2350,,,,,1789760,
2023-06-03,64,1706.8666397342463,3088.2803199183454,14.0,14,38.800201416015625,-94.693115234375,38.804039001464844,-94.68750762939453,0.7376866260099118,16.09674644470215,0.06945216036094169,4777,,,,,3170569,
2023-06-04,50,1717.5750688972678,2368.6251720414507,2.0,2,38.80180358886719,-94.68925476074219,38.835968017578125,-94.66964721679688,0.9089958255894967,1.3983767834908558,0.2602724888496337,3793,,,,,3382754,
2023-06-05,27,1630.7991587000656,1447.6813507687807,2.0,2,,,,,0.5945171032245219,1.655250705784632,0.2715886840170091,2311,,,,,1663326,
2023-06-06,21,1577.5189418190348,812.8058304393766,,,,,,,0.4379465931040686,1.0673185350421874,0.2471456322927523,1349,,,,,607605,
2023-06-07,6,1581.1015164685364,246.5477244406456,,,,,,,0.5793123575086336,0.8779682391399758,0.29598339897370246,427,,,,,678591,
2023-06-08,10,1555.2959040226747,387.7482182056288,,,,,,,0.9908151589176808,1.4561838889983192,0.32069625232728,617,,,,,167265,
2023-06-09,22,1587.1929702741918,910.0423139718417,2.0,2,,,,,0.4150373456374739,1.452527974107579,0.3394858221370131,1409,,,,,799290,
2023-06-10,18,1563.8703707013483,801.7785891478991,2.0,2,,,,,0.8418941534003397,1.482976919128309,0.3394858221370131,1172,,,,,337164,
2023-06-11,2,1546.8543701171875,71.71124725155863,,,,,,,0.4608433793596335,1.2220750741453639,0.3394858494142693,177,,,,,,
2023-06-12,39,1653.2162435966816,1616.6097740737061,3.0,3,,,,,0.4502996558671886,1.4913486965626739,0.28324215285579557,2491,,,,,2107511,
2023-06-13,16,1591.0375604817891,767.85544312041,1.0,1,,,,,0.5768183443138866,1.4204729774507634,0.3168534646865106,1126,,,,,875470,
2023-06-14,31,1573.8726282252087,1235.6356308794705,,,,,,,0.5955354440642951,1.3008977060967273,0.32684181903221776,1875,,,,,535354,
2023-06-15,32,1595.069503745157,1414.8815235986062,4.0,4,,,,,1.157324911137943,19.951841354370117,0.2715886840170091,2084,,,,,955360,
2023-06-16,22,1616.6149793610655,794.4265669201696,,,38.91172409057617,-94.6697998046875,38.91181564331055,-94.6695556640625,0.9716141953455016,1.2837722689120072,0.24009020592137176,1266,,,,,1382275,
2023-06-17,4,1558.1455809543297,181.90510862922545,,,,,,,0.5288225952325518,1.4775414528265725,0.3221107683086787,347,,,,,223730,
2023-06-18,24,1579.9552084019567,1114.3576819672878,2.0,2,,,,,0.851320837829969,1.5583704222892123,0.33948583019029777,1737,,,,,655878,
2023-06-19,6,1565.6603081919225,238.31907022492547,,,,,,,0.39664994182610414,0.9021920726600796,0.2602724888496337,366,,,,,372631,
2023-06-20,53,1571.1713045710153,2960.333230182844,11.0,11,,,,,0.6176791574652966,1.778309603635427,0.250004311399156,4356,,,,,2951533,
2023-06-21,,1546.8543701171877,,,,,,,,,,,8,,,,,,
2023-06-22,12,1561.0612195923463,540.979077163585,,,,,,,0.8432463508854396,1.4902070909142966,0.3394858202579134,850,,,,,281502,
2023-06-23,92,1796.3368519304856,5106.966892370525,19.0,19,38.80158615112305,-94.68887329101562,38.80196762084961,-94.68866729736328,0.9301984145227801,2.56303505043018,0.2555176339916353,7556,,,,,4943378,
2023-06-24,146,1907.4342882967937,7474.436094127318,20.0,20,38.80048370361328,-94.69377899169922,38.80467987060547,-94.68748474121094,1.1572005416399658,31.020000457763672,0.25525243557817956,11157,,,,,7143928,
2023-06-25,27,1606.128496903521,1177.5890048741992,1.0,1,,,,,0.6919252610666404,1.3871394626808449,0.2715886840170091,1773,,,,,1174489,
2023-06-26,3,1546.8543701171875,158.92573694768328,,,,,,,0.32833409830889876,1.4216876512234256,0.29422107435175987,278,,,,,,
2023-06-27,26,1646.9672367738972,1260.3061398804643,3.0,3,,,,,0.447035385206279,1.6057527314978313,0.2715886840170091,2099,,,,,1983690,
2023-06-28,1,1552.973668401791,80.79763349506021,,,,,,,0.8410209002912066,1.3700000047683716,0.3394858392197387,147,,,,,121251,
2023-06-29,9,1561.5571968909032,413.642437055456,,,,,,,0.5806401506488497,1.4457016136997927,0.328169659853886,658,,,,,291329,
2023-06-30,7,1555.3439495807893,353.99470401644567,,,,,,,4.646268551790107,19.00246810913086,0.27000209143924514,720,,,,,168217,
2023-07-01,28,1630.4556570637815,1637.7013777440604,13.0,13,38.80180358886719,-94.68924713134766,38.80276870727539,-94.68727111816406,0.6131707650703819,17.507041931152344,0.258914698754449,2426,,,,,1656521,
2023-07-02,38,1667.0884728986143,1754.9490885768728,2.0,2,38.80180358886719,-94.68923950195312,38.83597946166992,-94.66968536376953,0.8117848659089462,9.472102165222168,0.2580077111796048,2846,,,,,2382383,
2023-07-03,20,1590.0750958198732,992.8846197972862,3.0,3,,,,,0.7429629087835401,22.257728576660156,0.2703409434154048,1589,,,,,856399,
2023-07-04,8,1546.8543701171875,312.62855614864066,,,,,,,1.3945388828035439,29.8700008392334,0.2602724888496337,545,,,,,,
2023-07-05,45,1661.3681249725169,2167.660882657672,9.0,9,38.801795959472656,-94.68925476074219,38.802677154541016,-94.68714904785156,0.6775208639218997,11.789433479309082,0.30813296235107723,2999,,,,,2268983,
2023-07-06,,1546.8543701171875,34.62755721216866,,,,,,,0.2885629767680722,0.29422107435175987,0.28290487918438445,66,,,,,,
2023-07-07,5,1553.2335186736102,177.21161632109843,,,,,,,0.3825903817657877,0.7219437902658663,0.2715886840170091,364,,,,,126400,
2023-07-08,72,1720.8582221581637,3446.4849003022487,10.0,10,38.80022430419922,-94.69320678710938,38.802974700927734,-94.68748474121094,0.7702727118725177,2.420637845993042,0.24876954930568038,5076,,,,,3447805,
2023-07-09,103,1726.7879753510015,4915.4234340368575,8.0,8,,,,,4.557924732632702,29.41396141052246,0.28290487918438445,7510,,,,,3565299,
2023-07-10,27,1605.3214573263663,1298.6149184242147,2.0,2,38.80179977416992,-94.68924713134766,38.80263137817383,-94.68748474121094,0.6191730818396456,1.5931344548546102,0.261956304242471,2122,,,,,1158498,
2023-07-11,107,1805.4353955830384,4759.620671724343,10.0,10,38.800174713134766,-94.69314575195312,38.80292510986328,-94.6874771118164,0.5741354024042133,1.9003694682220977,0.2715886840170091,7155,,,,,4984140,60162
2023-07-12,19,1598.5652224832688,726.8638152322976,,,,,,,1.8951764562843563,18.9711856842041,0.2602724888496337,1167,,,,,1024626,
2023-07-13,42,1663.7445148819575,1789.242588270852,,,38.852806091308594,-94.68333435058594,38.85367965698242,-94.68193054199219,0.7002170760919113,6.263356685638428,0.2596338182954173,2808,,,,,2316124,
2023-07-14,56,1656.8606524122945,2401.170470811322,10.0,10,38.80056381225586,-94.69293212890625,38.802711486816406,-94.6874771118164,0.7984259050269691,9.277484893798828,0.15163891411924837,3979,,,,,2179722,
2023-07-15,62,1717.6468936427023,2879.794474637954,10.0,10,38.88054275512695,-94.7845458984375,38.969547271728516,-94.6578369140625,1.173675808598245,12.890000343322754,0.2715886840170091,4731,,,,,3384173,
2023-07-16,20,1621.7185469493224,1024.2934010625859,,,,,,,0.7152661452481698,10.896749496459961,0.2715886840170091,1764,,,,,1483399,
2023-07-17,51,1704.6922548111427,2366.0591580376313,11.0,11,38.800594329833984,-94.69491577148438,38.80442810058594,-94.68925476074219,0.762832764302348,16.697561264038086,0.25556886573461035,3896,,,,,3127483,
2023-07-18,26,1624.911421713944,950.9683162295448,,,,,,,0.995745353886142,1.3191334465293794,0.3301401236709071,1470,,,,,1546664,
2023-07-19,14,1595.6258838807676,803.5869074249998,,,38.88045120239258,-94.66248321533203,38.881954193115234,-94.66064453125,5.304270278842484,16.290000915527344,0.07959214928213083,1098,,,,,966385,
2023-07-20,35,1665.029520433747,1491.9613155977686,,,38.88039016723633,-94.66280364990234,38.88088607788086,-94.66036987304688,1.3642396784717883,18.201135635375977,0.2579505518112741,2419,,,,,2341585,
2023-07-21,16,1581.9672954070388,790.9753627764059,,,,,,,0.645592510343899,1.4643961561398948,0.28784524888269125,1210,,,,,695746,
2023-07-22,34,1618.159450369681,1542.049260962262,3.0,3,,,,,0.5380917178184208,1.4792070822718917,0.30553726951913524,2477,,,,,1412877,
2023-07-23,39,1625.1549278331413,1565.2916375191821,,,38.83600997924805,-94.66972351074219,38.83600997924805,-94.66972351074219,0.7508650648053861,7.763053894042969,0.25086784983341504,2498,,,,,1267182,122594
2023-07-24,9,1557.595500883236,324.25107595612167,,,,,,,0.4539650196384846,1.3687219591280877,0.2766962248932308,546,,,,,,91773
2023-07-25,22,1594.48810636112,979.0622543071003,2.0,2,,,,,1.0906011327454017,13.970000267028809,0.30553726951913524,1494,,,,,943840,
2023-07-26,5,1577.310075060575,308.5130632335652,,,,,,,0.596413803410134,0.9417188003744915,0.2715886840170091,511,,,,,603465,
2023-07-27,15,1572.2936500435403,580.4307779502642,,,,,,,1.4292403816385497,9.760943412780762,0.28290487918438445,926,,,,,323034,78062
2023-07-28,91,1771.065593947138,4646.550140509002,11.0,11,38.80168533325195,-94.68952178955078,38.80168533325195,-94.68952178955078,0.6842096192357693,3.0245304107666016,0.25083382755292466,6949,,,,,4442071,
2023-07-29,13,1023.2987454489593,503.2761416567303,1.0,1,,,,,0.6108485064020405,1.64347401392515,0.28290487918438445,826,,,,,541419,
